"cd_assunto_nivel_1","cd_assunto_nivel_2","cd_assunto_nivel_3","cd_assunto_nivel_4","cd_assunto_nivel_5"
"6191",,,,
"6191","6197",,,
"6191","6197","6201",,
"6191","6202",,,
"6191","6212",,,
"6191","6213",,,
"6191","6215",,,
"6191","6218",,,
"6191","9565",,,
"864",,,,
"864","10568",,,
"864","10568","10569",,
"864","10568","10570",,
"864","10568","10571",,
"864","10568","55225",,
"864","10568","55382",,
"864","10568","55383",,
"864","10568","55384",,
"864","10568","55385",,
"864","10568","55386",,
"864","10568","55387",,
"864","1654",,,
"864","1654","1806",,
"864","1654","1806","1932",
"864","1654","1806","2445",
"864","1654","1806","2445","55061"
"864","1654","1806","2523",
"864","1654","1806","2523","55062"
"864","1654","1806","55059",
"864","1654","1806","55060",
"864","1654","1806","55063",
"864","1654","1816",,
"864","1654","1816","1807",
"864","1654","1816","55066",
"864","1654","1816","55067",
"864","1654","1816","55068",
"864","1654","1816","55069",
"864","1654","1844",,
"864","1654","1844","5352",
"864","1654","1844","5354",
"864","1654","1957",,
"864","1654","2029",,
"864","1654","2029","2031",
"864","1654","2029","2033",
"864","1654","2029","2037",
"864","1654","2133",,
"864","1654","2233",,
"864","1654","2233","55064",
"864","1654","2409",,
"864","1654","2421",,
"864","1654","2537",,
"864","1654","2554",,
"864","1654","2554","55071",
"864","1654","2554","55072",
"864","1654","2554","55073",
"864","1654","2554","55074",
"864","1654","2670",,
"864","1654","5272",,
"864","1654","5272","1814",
"864","1654","5272","1822",
"864","1654","5272","2266",
"864","1654","5272","55057",
"864","1654","5272","55058",
"864","1654","5273",,
"864","1654","5273","9487",
"864","1654","5273","9487","55075"
"864","1654","5273","9487","55076"
"864","1654","5273","9487","55331"
"864","1654","5273","9487","55332"
"864","1654","5273","9487","55333"
"864","1654","5273","9487","55334"
"864","1654","5273","9487","55335"
"864","1654","55065",,
"864","1654","55070",,
"864","1654","7647",,
"864","1658",,,
"864","1658","10581",,
"864","1658","10581","55379",
"864","1658","10581","55380",
"864","1658","1661",,
"864","1658","1661","55370",
"864","1658","1663",,
"864","1658","1663","55358",
"864","1658","2086",,
"864","1658","2086","55097",
"864","1658","2086","55098",
"864","1658","2086","55099",
"864","1658","2086","55100",
"864","1658","2086","55101",
"864","1658","2086","55102",
"864","1658","2086","55102","55103"
"864","1658","2086","55365",
"864","1658","2086","55366",
"864","1658","2086","55367",
"864","1658","2086","55368",
"864","1658","2086","55369",
"864","1658","2116",,
"864","1658","2139",,
"864","1658","2140",,
"864","1658","2140","55112",
"864","1658","2140","55371",
"864","1658","2140","55372",
"864","1658","2140","55373",
"864","1658","2140","55374",
"864","1658","2426",,
"864","1658","2426","55376",
"864","1658","2426","55377",
"864","1658","2426","55378",
"864","1658","55095",,
"864","1658","55095","55359",
"864","1658","55095","55360",
"864","1658","55095","55361",
"864","1658","55095","55362",
"864","1658","55095","55363",
"864","1658","55095","55364",
"864","1658","55104",,
"864","1658","55105",,
"864","1658","55105","55106",
"864","1658","55105","55106","55107"
"864","1658","55108",,
"864","1658","55108","55109",
"864","1658","55108","55109","55110"
"864","1658","55108","55111",
"864","1695",,,
"864","1695","10564",,
"864","1695","1690",,
"864","1695","1691",,
"864","1695","1703",,
"864","1695","1705",,
"864","1695","1773",,
"864","1695","4435",,
"864","1695","4435","55007",
"864","1695","4437",,
"864","1695","4438",,
"864","1695","4452",,
"864","1695","4452","55089",
"864","1695","4452","55090",
"864","1695","55008",,
"864","1695","55009",,
"864","1695","55087",,
"864","1695","55088",,
"864","1695","55091",,
"864","1695","55091","55092",
"864","1695","55091","55093",
"864","1695","55091","55094",
"864","1695","55345",,
"864","1695","55345","55346",
"864","1695","55347",,
"864","1695","55348",,
"864","1695","55348","55349",
"864","1695","55348","55349","55350"
"864","1695","55348","55349","55351"
"864","1695","55348","55352",
"864","1695","55348","55353",
"864","1695","55354",,
"864","1695","55355",,
"864","1695","55355","55356",
"864","1695","55355","55357",
"864","1937",,,
"864","1937","2704",,
"864","1937","2704","55217",
"864","1937","2704","55217","55426"
"864","1937","2704","55425",
"864","1937","2704","55427",
"864","1937","2704","55428",
"864","1937","2704","55428","55429"
"864","1937","2704","55428","55430"
"864","1937","5356",,
"864","1937","55423",,
"864","1937","8805",,
"864","1937","8805","55424",
"864","1937","8806",,
"864","1937","8807",,
"864","2567",,,
"864","2567","1855",,
"864","2567","1855","1723",
"864","2567","1855","1724",
"864","2567","1855","2569",
"864","2567","1855","55213",
"864","2567","1855","55214",
"864","2567","1855","55215",
"864","2567","1855","55215","55413"
"864","2567","1855","55215","55414"
"864","2567","1855","55415",
"864","2567","1855","55416",
"864","2567","1855","55417",
"864","2567","1855","55418",
"864","2567","1855","55419",
"864","2567","1855","55420",
"864","2567","1855","55421",
"864","2567","1855","55422",
"864","2567","1855","9051",
"864","2567","55209",,
"864","2567","55216",,
"864","2567","8808",,
"864","2567","8808","55210",
"864","2567","8808","55211",
"864","2567","8808","55212",
"864","2567","8808","8809",
"864","2581",,,
"864","2581","1767",,
"864","2581","1783",,
"864","2581","1789",,
"864","2581","1888",,
"864","2581","1888","55151",
"864","2581","1888","55152",
"864","2581","1888","55153",
"864","2581","1888","55154",
"864","2581","1888","55155",
"864","2581","1888","55156",
"864","2581","1888","55157",
"864","2581","1888","55398",
"864","2581","1920",,
"864","2581","1920","55158",
"864","2581","2055",,
"864","2581","2055","55160",
"864","2581","2055","55161",
"864","2581","2055","55162",
"864","2581","2055","55163",
"864","2581","2055","55164",
"864","2581","2055","55165",
"864","2581","2055","55166",
"864","2581","2055","55167",
"864","2581","2055","55168",
"864","2581","2055","8817",
"864","2581","2055","8818",
"864","2581","2117",,
"864","2581","2215",,
"864","2581","2273",,
"864","2581","2331",,
"864","2581","2331","55171",
"864","2581","2349",,
"864","2581","2364",,
"864","2581","2450",,
"864","2581","2450","55375",
"864","2581","2458",,
"864","2581","2458","1721",
"864","2581","2458","2275",
"864","2581","2458","2449",
"864","2581","2458","2452",
"864","2581","2458","2461",
"864","2581","2458","2463",
"864","2581","2458","2466",
"864","2581","2458","2468",
"864","2581","2458","2697",
"864","2581","2458","2697","55191"
"864","2581","2458","5269",
"864","2581","2458","55176",
"864","2581","2458","55177",
"864","2581","2458","55178",
"864","2581","2458","55179",
"864","2581","2458","55180",
"864","2581","2458","55181",
"864","2581","2458","55182",
"864","2581","2458","55183",
"864","2581","2458","55184",
"864","2581","2458","55185",
"864","2581","2458","55186",
"864","2581","2458","55188",
"864","2581","2458","55189",
"864","2581","2458","8810",
"864","2581","2458","8812",
"864","2581","2458","8816",
"864","2581","2477",,
"864","2581","2493",,
"864","2581","2506",,
"864","2581","2506","55401",
"864","2581","2506","55402",
"864","2581","2540",,
"864","2581","2583",,
"864","2581","2583","55124",
"864","2581","2583","55126",
"864","2581","2583","55127",
"864","2581","2583","55128",
"864","2581","2583","55129",
"864","2581","2583","55388",
"864","2581","2594",,
"864","2581","2594","1666",
"864","2581","2594","1666","55130"
"864","2581","2594","1666","55131"
"864","2581","2594","1666","55134"
"864","2581","2594","1666","55135"
"864","2581","2594","1666","55390"
"864","2581","2594","1666","55391"
"864","2581","2594","1666","55392"
"864","2581","2594","1681",
"864","2581","2594","1681","55136"
"864","2581","2594","1681","55138"
"864","2581","2594","1681","55139"
"864","2581","2594","1681","55140"
"864","2581","2594","1681","55393"
"864","2581","2594","1681","55394"
"864","2581","2594","1681","55395"
"864","2581","2594","2604",
"864","2581","2594","55142",
"864","2581","2594","55143",
"864","2581","2594","55144",
"864","2581","2594","55145",
"864","2581","2594","55146",
"864","2581","2594","55147",
"864","2581","2594","55389",
"864","2581","2594","55396",
"864","2581","2606",,
"864","2581","2666",,
"864","2581","4442",,
"864","2581","4442","55173",
"864","2581","4442","55174",
"864","2581","4442","55175",
"864","2581","4442","55399",
"864","2581","55148",,
"864","2581","55149",,
"864","2581","55150",,
"864","2581","55159",,
"864","2581","55169",,
"864","2581","55170",,
"864","2581","55172",,
"864","2581","55397",,
"864","2581","55400",,
"864","2581","8813",,
"864","2620",,,
"864","2620","1849",,
"864","2620","1904",,
"864","2620","1904","55193",
"864","2620","1904","55194",
"864","2620","1907",,
"864","2620","1907","55200",
"864","2620","1907","55404",
"864","2620","2243",,
"864","2620","2243","55203",
"864","2620","2435",,
"864","2620","2478",,
"864","2620","2478","2479",
"864","2620","2478","2480",
"864","2620","2546",,
"864","2620","2546","1998",
"864","2620","2546","1998","55208"
"864","2620","2546","2210",
"864","2620","2546","2212",
"864","2620","2546","2641",
"864","2620","2546","2641","55409"
"864","2620","2546","2641","55410"
"864","2620","2546","2641","55411"
"864","2620","2546","2641","55412"
"864","2620","2546","8820",
"864","2620","2546","8821",
"864","2620","2546","8822",
"864","2620","2546","8823",
"864","2620","2656",,
"864","2620","2656","1929",
"864","2620","2656","1965",
"864","2620","2656","1966",
"864","2620","2656","1976",
"864","2620","2656","1977",
"864","2620","2656","1978",
"864","2620","2656","1981",
"864","2620","2656","2657",
"864","2620","2656","2661",
"864","2620","2656","55205",
"864","2620","2656","55206",
"864","2620","2656","55207",
"864","2620","55192",,
"864","2620","55195",,
"864","2620","55196",,
"864","2620","55197",,
"864","2620","55198",,
"864","2620","55199",,
"864","2620","55202",,
"864","2620","55204",,
"864","2620","55403",,
"864","2620","55405",,
"864","2620","55405","55406",
"864","2620","55405","55407",
"864","2620","55405","55408",
"864","2620","8824",,
"864","2622",,,
"864","2622","2624",,
"864","2622","2624","55011",
"864","2622","2624","55012",
"864","2622","2624","55013",
"864","2622","2624","55014",
"864","2622","2624","55015",
"864","2622","2624","55015","55016"
"864","2622","2624","55017",
"864","2622","2624","55018",
"864","2622","2624","55019",
"864","2622","2624","55020",
"864","2622","2624","55314",
"864","2622","2624","55315",
"864","2622","55010",,
"864","2662",,,
"864","2662","2019",,
"864","2662","2019","55114",
"864","2662","2021",,
"864","2662","2663",,
"864","2662","55113",,
"864","2662","55115",,
"864","55006",,,
"864","55054",,,
"864","55054","55055",,
"864","55054","55056",,
"864","55077",,,
"864","55077","55344",,
"864","55078",,,
"864","55078","55079",,
"864","55078","55080",,
"864","55078","55081",,
"864","55078","55082",,
"864","55218",,,
"864","55218","55219",,
"864","55218","55220",,
"864","55336",,,
"864","55336","55337",,
"864","55336","55338",,
"864","55336","55339",,
"864","55336","55340",,
"864","55341",,,
"864","55341","55342",,
"864","55341","55343",,
"864","7628",,,
"864","7628","2557",,
"864","7628","2558",,
"864","7628","2559",,
"864","7628","55116",,
"864","7628","55117",,
"864","7628","55118",,
"864","7628","55119",,
"864","7628","55120",,
"864","7628","55121",,
"864","7628","55122",,
"864","7628","55123",,
"864","7628","7629",,
"864","7628","7630",,
"864","7628","7631",,
"864","7628","7632",,
"864","7628","7633",,
"864","7628","7633","55381",
"864","7644",,,
"864","7644","5276",,
"864","7644","5276","55022",
"864","7644","5276","55023",
"864","7644","5277",,
"864","7644","5278",,
"864","7644","5279",,
"864","7644","5280",,
"864","7644","5280","55025",
"864","7644","5280","55026",
"864","7644","5280","55026","55027"
"864","7644","5280","55026","55028"
"864","7644","5280","55026","55318"
"864","7644","5280","55026","55319"
"864","7644","5280","55029",
"864","7644","5280","55030",
"864","7644","5280","55312",
"864","7644","5280","55316",
"864","7644","5280","55317",
"864","7644","5280","55320",
"864","7644","5280","55321",
"864","7644","5281",,
"864","7644","5282",,
"864","7644","5284",,
"864","7644","5284","55042",
"864","7644","5286",,
"864","7644","5287",,
"864","7644","5288",,
"864","7644","5288","55038",
"864","7644","5289",,
"864","7644","5290",,
"864","7644","5291",,
"864","7644","5292",,
"864","7644","5293",,
"864","7644","5294",,
"864","7644","5294","55325",
"864","7644","5294","55326",
"864","7644","5294","55327",
"864","7644","5295",,
"864","7644","5296",,
"864","7644","5297",,
"864","7644","5297","55051",
"864","7644","5299",,
"864","7644","5299","55329",
"864","7644","5299","55330",
"864","7644","5301",,
"864","7644","55021",,
"864","7644","55024",,
"864","7644","55031",,
"864","7644","55032",,
"864","7644","55034",,
"864","7644","55035",,
"864","7644","55036",,
"864","7644","55037",,
"864","7644","55039",,
"864","7644","55040",,
"864","7644","55041",,
"864","7644","55043",,
"864","7644","55044",,
"864","7644","55045",,
"864","7644","55047",,
"864","7644","55048",,
"864","7644","55049",,
"864","7644","55050",,
"864","7644","55052",,
"864","7644","55053",,
"864","7644","55322",,
"864","7644","55322","55323",
"864","7644","55322","55324",
"864","7644","7645",,
"864","7644","7646",,
"864","7644","7646","55328",
"8826",,,,
"8826","11781",,,
"8826","11781","11782",,
"8826","11781","11783",,
"8826","11781","11784",,
"8826","11781","11785",,
"8826","11781","11786",,
"8826","11781","11786","55480",
"8826","11781","11786","55481",
"8826","55230",,,
"8826","55230","55232",,
"8826","55230","55233",,
"8826","55230","55234",,
"8826","55230","55235",,
"8826","55230","55236",,
"8826","55230","55237",,
"8826","55230","55498",,
"8826","55230","55499",,
"8826","55230","8865",,
"8826","55301",,,
"8826","55301","55302",,
"8826","55301","55303",,
"8826","55301","55304",,
"8826","55301","55304","55564",
"8826","55301","55305",,
"8826","55301","55305","55637",
"8826","55301","55305","55638",
"8826","55301","55306",,
"8826","55301","55306","55580",
"8826","55301","55307",,
"8826","55301","55308",,
"8826","55301","55309",,
"8826","55301","55309","55568",
"8826","55301","55309","55569",
"8826","55301","55309","55570",
"8826","55301","55310",,
"8826","55301","55310","55565",
"8826","55301","55311",,
"8826","55301","55546",,
"8826","55301","55547",,
"8826","55301","55547","55548",
"8826","55301","55547","55549",
"8826","55301","55547","55549","55550"
"8826","55301","55547","55549","55551"
"8826","55301","55547","55552",
"8826","55301","55547","55553",
"8826","55301","55554",,
"8826","55301","55554","55555",
"8826","55301","55556",,
"8826","55301","55556","55557",
"8826","55301","55556","55557","55558"
"8826","55301","55559",,
"8826","55301","55560",,
"8826","55301","55560","55561",
"8826","55301","55560","55562",
"8826","55301","55560","55563",
"8826","55301","55566",,
"8826","55301","55567",,
"8826","55301","55571",,
"8826","55301","55571","55572",
"8826","55301","55571","55573",
"8826","55301","55574",,
"8826","55301","55574","55575",
"8826","55301","55574","55576",
"8826","55301","55574","55576","55577"
"8826","55301","55578",,
"8826","55301","55579",,
"8826","55581",,,
"8826","55581","55582",,
"8826","55581","55583",,
"8826","55581","55583","55584",
"8826","55581","55583","55585",
"8826","55581","55583","55586",
"8826","55581","55583","55587",
"8826","55581","55588",,
"8826","55581","55589",,
"8826","55581","55590",,
"8826","55581","55591",,
"8826","55581","55592",,
"8826","55581","55593",,
"8826","55581","55594",,
"8826","55581","55595",,
"8826","55596",,,
"8826","55596","55597",,
"8826","55596","55597","55598",
"8826","55596","55597","55599",
"8826","55596","55597","55600",
"8826","55596","55597","55601",
"8826","55596","55597","55602",
"8826","55596","55597","55603",
"8826","55596","55604",,
"8826","55596","55604","55605",
"8826","55596","55604","55606",
"8826","55596","55604","55607",
"8826","55596","55604","55608",
"8826","55596","55604","55609",
"8826","55596","55610",,
"8826","55596","55610","55611",
"8826","55596","55610","55612",
"8826","55596","55610","55613",
"8826","55596","55610","55614",
"8826","55596","55610","55615",
"8826","55596","55610","55616",
"8826","55596","55610","55617",
"8826","55596","55610","55618",
"8826","55619",,,
"8826","55619","55620",,
"8826","55619","55620","55621",
"8826","55619","55622",,
"8826","55619","55622","55623",
"8826","55619","55622","55624",
"8826","55619","55622","55625",
"8826","55619","55622","55626",
"8826","55619","55627",,
"8826","55619","55627","55628",
"8826","55619","55627","55628","55629"
"8826","55619","55627","55628","55630"
"8826","55619","55627","55628","55631"
"8826","55619","55627","55632",
"8826","55619","55627","55632","55633"
"8826","55619","55634",,
"8826","55619","55634","55635",
"8826","55619","55634","55636",
"8826","8828",,,
"8826","8828","55456",,
"8826","8828","8829",,
"8826","8828","8829","10652",
"8826","8828","8829","10652","55441"
"8826","8828","8829","10652","55442"
"8826","8828","8829","10652","55443"
"8826","8828","8829","10652","55444"
"8826","8828","8829","10652","55445"
"8826","8828","8829","10652","55446"
"8826","8828","8829","10652","55447"
"8826","8828","8829","10652","55448"
"8826","8828","8829","10652","55449"
"8826","8828","8829","10652","55450"
"8826","8828","8829","10653",
"8826","8828","8829","10654",
"8826","8828","8829","10901",
"8826","8828","8829","55257",
"8826","8828","8829","55258",
"8826","8828","8829","55258","55451"
"8826","8828","8829","55258","55452"
"8826","8828","8829","55259",
"8826","8828","8829","55259","55453"
"8826","8828","8829","55259","55454"
"8826","8828","8829","55259","55455"
"8826","8828","8829","55260",
"8826","8828","8838",,
"8826","8828","8838","55457",
"8826","8828","8838","55458",
"8826","8842",,,
"8826","8842","8843",,
"8826","8842","8859",,
"8826","8842","8859","55226",
"8826","8842","8859","55482",
"8826","8842","8859","55483",
"8826","8842","8859","55484",
"8826","8842","8866",,
"8826","8842","8867",,
"8826","8842","8868",,
"8826","8842","8868","55485",
"8826","8842","8868","55486",
"8826","8842","8868","55487",
"8826","8842","8868","55488",
"8826","8842","8873",,
"8826","8842","8873","55489",
"8826","8842","8873","55490",
"8826","8842","8874",,
"8826","8842","8874","10655",
"8826","8842","8874","10655","55228"
"8826","8842","8874","10656",
"8826","8842","8874","10657",
"8826","8842","8874","10658",
"8826","8842","8874","55491",
"8826","8842","8874","55492",
"8826","8842","8874","55492","55493"
"8826","8842","8874","55492","55494"
"8826","8842","8874","55492","55495"
"8826","8842","8874","55492","55496"
"8826","8842","8874","55492","55497"
"8826","8842","9258",,
"8826","8842","9493",,
"8826","8842","9494",,
"8826","8875",,,
"8826","8875","55474",,
"8826","8875","55475",,
"8826","8875","55475","55476",
"8826","8875","55475","55476","55477"
"8826","8875","55475","55476","55478"
"8826","8875","55479",,
"8826","8883",,,
"8826","8883","8884",,
"8826","8883","8884","10659",
"8826","8883","8884","10660",
"8826","8883","8888",,
"8826","8883","8888","55289",
"8826","8883","8888","55290",
"8826","8893",,,
"8826","8893","10938",,
"8826","8893","10939",,
"8826","8893","8919",,
"8826","8893","8919","10734",
"8826","8893","8919","55240",
"8826","8893","8919","55241",
"8826","8893","8919","55241","55431"
"8826","8893","8919","55242",
"8826","8893","8919","55243",
"8826","8893","8928",,
"8826","8893","8928","55432",
"8826","8893","8934",,
"8826","8893","8934","55433",
"8826","8938",,,
"8826","8938","55254",,
"8826","8938","55254","55255",
"8826","8938","55254","55256",
"8826","8938","55434",,
"8826","8938","55434","10735",
"8826","8938","55434","10737",
"8826","8938","55434","55246",
"8826","8938","55434","55246","55247"
"8826","8938","55434","55246","55435"
"8826","8938","55434","55436",
"8826","8938","55434","55437",
"8826","8938","55438",,
"8826","8938","55439",,
"8826","8938","55439","55249",
"8826","8938","55439","55253",
"8826","8938","55439","55641",
"8826","8938","8939",,
"8826","8938","8939","55245",
"8826","8938","8939","55440",
"8826","8938","8941",,
"8826","8938","8942",,
"8826","8960",,,
"8826","8960","55296",,
"8826","8960","55503",,
"8826","8960","55503","10668",
"8826","8960","55503","55300",
"8826","8960","55503","55504",
"8826","8960","8961",,
"8826","8960","8961","55500",
"8826","8960","8961","55501",
"8826","8960","8961","55502",
"8826","8960","8986",,
"8826","8960","8990",,
"8826","8960","8990","10940",
"8826","8960","8990","10940","55505"
"8826","8960","8990","55506",
"8826","8960","8990","55507",
"8826","8960","8990","55508",
"8826","8960","8990","55508","55509"
"8826","8960","8990","55508","55510"
"8826","8960","8990","55508","55511"
"8826","8960","8990","55508","55512"
"8826","8960","8990","55513",
"8826","8960","8990","55514",
"8826","8960","9024",,
"8826","8960","9024","55515",
"8826","8960","9024","55516",
"8826","8960","9024","55517",
"8826","8960","9026",,
"8826","9045",,,
"8826","9045","10666",,
"8826","9045","10738",,
"8826","9045","55297",,
"8826","9045","55298",,
"8826","9045","55299",,
"8826","9045","55518",,
"8826","9045","55518","55519",
"8826","9045","55518","55519","55520"
"8826","9045","55518","55519","55521"
"8826","9045","55518","55519","55522"
"8826","9045","55518","55523",
"8826","9045","55518","55524",
"8826","9045","55537",,
"8826","9045","55538",,
"8826","9045","55538","55539",
"8826","9045","55538","55540",
"8826","9045","55538","55541",
"8826","9045","9047",,
"8826","9045","9050",,
"8826","9045","9050","55525",
"8826","9045","9050","55525","55526"
"8826","9045","9050","55525","55527"
"8826","9045","9050","55525","55528"
"8826","9045","9050","55529",
"8826","9045","9050","55530",
"8826","9045","9050","55530","55531"
"8826","9045","9050","55530","55532"
"8826","9045","9050","55530","55533"
"8826","9045","9050","55530","55534"
"8826","9045","9050","55530","55535"
"8826","9045","9050","55530","55536"
"8826","9045","9060",,
"8826","9045","9060","10669",
"8826","9045","9060","55542",
"8826","9045","9060","55543",
"8826","9045","9060","55544",
"8826","9045","9060","55545",
"8826","9045","9098",,
"8826","9148",,,
"8826","9148","10573",,
"8826","9148","10573","10860",
"8826","9148","10573","10861",
"8826","9148","10670",,
"8826","9148","10670","10676",
"8826","9148","10670","10677",
"8826","9148","10671",,
"8826","9148","10672",,
"8826","9148","10672","10678",
"8826","9148","10672","10678","55469"
"8826","9148","10672","10679",
"8826","9148","10672","10679","55466"
"8826","9148","10672","10680",
"8826","9148","10672","10869",
"8826","9148","10672","10885",
"8826","9148","10672","55465",
"8826","9148","10672","55467",
"8826","9148","10672","55468",
"8826","9148","10673",,
"8826","9148","10673","55472",
"8826","9148","10683",,
"8826","9148","10686",,
"8826","9148","10686","55463",
"8826","9148","10686","55464",
"8826","9148","10880",,
"8826","9148","10880","55460",
"8826","9148","10880","55460","55461"
"8826","9148","55277",,
"8826","9148","55281",,
"8826","9148","55459",,
"8826","9148","55462",,
"8826","9148","55470",,
"8826","9148","55471",,
"8826","9148","55639",,
"8826","9148","55639","55640",
"8826","9148","9149",,
"8826","9148","9149","10684",
"8826","9148","9149","10684","55473"
"8826","9148","9149","10685",
"8826","9148","9149","10687",
"8826","9148","9149","55286",
"8826","9148","9149","55287",
"8826","9148","9160",,
"8826","9148","9163",,
"8826","9148","9163","55265",
"8826","9148","9163","55266",
"8826","9148","9163","55267",
"8826","9148","9163","55268",
"8826","9148","9163","55269",
"8826","9148","9163","55270",
"8826","9148","9163","55271",
"8826","9148","9163","55271","55272"
"8826","9148","9163","55271","55273"
"8826","9148","9163","55271","55274"
"8826","9148","9163","55271","55275"
"8826","9148","9163","55276",
"8826","9148","9166",,
"8826","9148","9178",,
"8826","9148","9180",,
"8826","9148","9180","55279",
"8826","9148","9180","55280",
"8826","9148","9189",,
"8826","9148","9414",,
"8826","9148","9418",,
"8826","9148","9419",,
"8826","9148","9450",,
"8826","9148","9453",,
"8826","9148","9484",,
"8826","9148","9517",,
"8826","9148","9518",,
"8826","9148","9519",,
"8826","9148","9520",,
"8826","9192",,,
"8826","9192","55288",,
"8826","9192","9196",,
"8826","9192","9524",,
"8826","9192","9532",,
"899",,,,
"899","10431",,,
"899","7681",,,
"899","7681","7688",,
"899","7681","7688","4718",
"899","7681","7690",,
"899","7681","7690","10592",
"899","7681","7690","7703",
"899","7681","7690","7704",
"899","7681","7690","7705",
"899","7681","7690","7706",
"899","7681","7690","7707",
"899","7681","7690","7708",
"899","7681","7690","7709",
"899","7681","7690","7710",
"899","7681","7690","7711",
"899","7681","7691",,
"899","7681","7691","10582",
"899","7681","7691","7698",
"899","7681","7691","7700",
"899","7681","7694",,
"899","7681","7694","7714",
"899","7681","9580",,
"899","7681","9580","9593",
"899","7681","9580","9602",
"899","7681","9580","9608",
"899","7681","9580","9609",
"899","7947",,,
"899","7947","4701",,
"899","7947","4701","4703",
"899","7947","4701","4706",
"899","7947","5632",,
"9985",,,,
"9985","10088",,,
"9985","10088","10089",,
"9985","10088","10089","10096",
"9985","10088","10089","11870",
"9985","10088","10097",,
"9985","10088","10097","10098",
"9985","10088","10097","10099",
"9985","10088","10097","10100",
"9985","10088","10097","10101",
"9985","10186",,,
"9985","10186","10187",,
"9985","10186","10187","10188",
"9985","10186","10187","10189",
"9985","10186","10187","10190",
"9985","10186","10187","10191",
"9985","10186","10187","10192",
"9985","10186","10187","10193",
"9985","10186","10187","10675",
"9985","10186","10187","55000",
"9985","10186","10187","55001",
"9985","10219",,,
"9985","10219","10220",,
"9985","10219","10220","10222",
"9985","10219","10220","10223",
"9985","10219","10220","10224",
"9985","10219","10220","10225",
"9985","10219","10220","10226",
"9985","10219","10220","10227",
"9985","10219","10220","10228",
"9985","10219","10220","10229",
"9985","10219","10220","10230",
"9985","10219","10220","10231",
"9985","10219","10220","10232",
"9985","10219","10220","10233",
"9985","10219","10220","10234",
"9985","10219","10220","10235",
"9985","10219","10220","10236",
"9985","10219","10220","10237",
"9985","10219","10220","10238",
"9985","10219","10220","10239",
"9985","10219","10220","10240",
"9985","10219","10220","10241",
"9985","10219","10220","10693",
"9985","10219","10220","10881",
"9985","10219","10250",,
"9985","10219","10250","10251",
"9985","10219","10250","10252",
"9985","10219","10250","10253",
"9985","10219","10254",,
"9985","10219","10254","10255",
"9985","10219","10254","10256",
"9985","10219","10254","10257",
"9985","10219","10254","10878",
"9985","10219","10258",,
"9985","10219","10258","10259",
"9985","10219","10258","10260",
"9985","10219","10258","10261",
"9985","10219","10258","10261","10700"
"9985","10219","10258","10261","10701"
"9985","10219","10258","10262",
"9985","10219","10258","10263",
"9985","10219","10258","10264",
"9985","10219","10258","10265",
"9985","10219","10258","10266",
"9985","10219","10258","10267",
"9985","10219","10258","10268",
"9985","10219","10258","10269",
"9985","10219","10258","10270",
"9985","10219","10258","10271",
"9985","10219","10258","10272",
"9985","10219","10258","10273",
"9985","10219","10258","10274",
"9985","10219","10258","10275",
"9985","10219","10276",,
"9985","10219","10276","10277",
"9985","10219","10276","10278",
"9985","10219","10279",,
"9985","10219","10279","10280",
"9985","10219","10279","10281",
"9985","10219","10279","10282",
"9985","10219","10279","10283",
"9985","10219","10287",,
"9985","10219","10288",,
"9985","10219","10288","10221",
"9985","10219","10288","10221","10699"
"9985","10219","10288","10244",
"9985","10219","10288","10245",
"9985","10219","10288","10246",
"9985","10219","10288","10247",
"9985","10219","10288","10248",
"9985","10219","10288","10249",
"9985","10219","10288","10289",
"9985","10219","10288","10290",
"9985","10219","10288","10291",
"9985","10219","10288","10291","10875"
"9985","10219","10288","10292",
"9985","10219","10288","10293",
"9985","10219","10288","10294",
"9985","10219","10288","10295",
"9985","10219","10288","10296",
"9985","10219","10288","10297",
"9985","10219","10288","10298",
"9985","10219","10288","10299",
"9985","10219","10288","10300",
"9985","10219","10288","10301",
"9985","10219","10288","10301","10883"
"9985","10219","10288","10301","10884"
"9985","10219","10288","10302",
"9985","10219","10288","10302","10893"
"9985","10219","10288","10303",
"9985","10219","10288","10304",
"9985","10219","10288","10305",
"9985","10219","10288","10306",
"9985","10219","10288","10307",
"9985","10219","10288","10308",
"9985","10219","10288","10309",
"9985","10219","10288","10310",
"9985","10219","10288","10311",
"9985","10219","10288","10312",
"9985","10219","10288","10323",
"9985","10219","10288","10497",
"9985","10219","10288","10638",
"9985","10219","10288","10662",
"9985","10219","10288","10705",
"9985","10219","10288","10718",
"9985","10219","10288","10730",
"9985","10219","10288","11858",
"9985","10219","10313",,
"9985","10219","10313","10946",
"9985","10219","10695",,
"9985","10219","10695","10698",
"9985","10370",,,
"9985","10370","10371",,
"9985","10370","10372",,
"9985","10370","10373",,
"9985","10370","10374",,
"9985","10370","10375",,
"9985","10370","10376",,
"9985","10370","10377",,
"9985","10370","10378",,
"9985","10370","10379",,
"9985","10370","10380",,
"9985","10370","10381",,
"9985","10370","10382",,
"9985","10370","10383",,
"9985","10370","10384",,
"9985","10385",,,
"9985","10385","10386",,
"9985","10385","10387",,
"9985","10385","10388",,
"9985","10385","10389",,
"9985","10385","10390",,
"9985","10385","10391",,
"9985","10385","10392",,
"9985","10385","10393",,
"9985","10394",,,
"9985","10394","10395",,
"9985","10394","10395","10396",
"9985","10394","10395","10399",
"9985","10394","10395","10400",
"9985","10394","10402",,
"9985","10409",,,
"9985","10409","10410",,
"9985","10409","10411",,
"9985","10421",,,
"9985","10421","10422",,
"9985","10421","10423",,
"9985","10421","10424",,
"9985","10421","10425",,
"9985","10421","10426",,
"9985","10421","10427",,
"9985","10421","10428",,
"9985","10421","10429",,
"9985","10421","10430",,
"9985","10645",,,
"9985","10645","10646",,
"9985","10645","10889",,
"9985","10954",,,
"9985","10954","10955",,
"9985","10954","10956",,
"9985","10954","10957",,
"9985","10954","10958",,
"9985","9986",,,
"9985","9986","10587",,
"9985","9986","11842",,
"9985","9986","11843",,
"9985","9986","11845",,
"9985","9986","11846",,
"9985","9986","11847",,
"9985","9986","11848",,
"9985","9986","11849",,
"9985","9986","9988",,
"9985","9997",,,
"9985","9997","10009",,
"9985","9997","10011",,
"9985","9997","10011","10012",
"9985","9997","10011","10013",
"9985","9997","10011","10014",
"9985","9997","10015",,
"9985","9997","10015","10019",
"9985","9997","10015","10928",
"9985","9997","10015","55313",
"9985","9997","10020",,
"9985","9997","10022",,
"9985","9997","10022","10023",
"9985","9997","10022","10024",
"9985","9997","10022","10025",
"9985","9997","10894",,
"9985","9997","9998",,
"9985","9997","9998","10006",
